{"cameraMode":{"drawMode":0,"name":"Shaded","section":"Shading Mode"},"sceneLighting":false,"audioPlay":false,"sceneViewState":{"showFog":true,"showMaterialUpdate":true,"showSkybox":false,"showFlares":true,"showImageEffects":true,"showParticleSystems":true},"in2DMode":false,"pivot":{"x":-0.004500031471252441,"y":0.948344349861145,"z":0.07335001230239868},"rotation":{"x":-0.006350651383399963,"y":0.9356353282928467,"z":-0.3525083065032959,"w":-0.016856765374541284},"size":5.3497138023376469,"orthographic":false}