{"cameraMode":{"drawMode":0,"name":"Shaded","section":"Shading Mode"},"sceneLighting":false,"audioPlay":false,"sceneViewState":{"showFog":true,"showMaterialUpdate":true,"showSkybox":false,"showFlares":true,"showImageEffects":true,"showParticleSystems":true},"in2DMode":false,"pivot":{"x":0.12729667127132417,"y":0.008980333805084229,"z":0.16550683975219727},"rotation":{"x":0.020973404869437219,"y":0.9614394307136536,"z":-0.26330500841140749,"w":0.076582171022892},"size":1.2528834342956544,"orthographic":false}