{"cameraMode":{"drawMode":0,"name":"Shaded","section":"Shading Mode"},"sceneLighting":false,"audioPlay":false,"sceneViewState":{"showFog":true,"showMaterialUpdate":true,"showSkybox":false,"showFlares":true,"showImageEffects":true,"showParticleSystems":true},"in2DMode":false,"pivot":{"x":-0.9445645213127136,"y":0.7719719409942627,"z":-0.47008800506591799},"rotation":{"x":-0.008637572638690472,"y":0.9850074052810669,"z":-0.16433249413967133,"w":-0.051774803549051288},"size":3.8453428745269777,"orthographic":false}