{"cameraMode":{"drawMode":0,"name":"Shaded","section":"Shading Mode"},"sceneLighting":false,"audioPlay":false,"sceneViewState":{"showFog":true,"showMaterialUpdate":true,"showSkybox":false,"showFlares":true,"showImageEffects":true,"showParticleSystems":true},"in2DMode":false,"pivot":{"x":0.07999375462532044,"y":2.69695782661438,"z":1.9266891479492188},"rotation":{"x":-0.003881936427205801,"y":0.9718410968780518,"z":-0.23505811393260957,"w":-0.016050847247242929},"size":3.0133750438690187,"orthographic":false}