{"cameraMode":{"drawMode":0,"name":"Shaded","section":"Shading Mode"},"sceneLighting":false,"audioPlay":false,"sceneViewState":{"showFog":true,"showMaterialUpdate":true,"showSkybox":false,"showFlares":true,"showImageEffects":true,"showParticleSystems":true},"in2DMode":false,"pivot":{"x":-0.4479896128177643,"y":0.44918614625930788,"z":-0.16588282585144044},"rotation":{"x":-0.007493678946048021,"y":0.9915472269058228,"z":-0.11082836240530014,"w":-0.06704533845186234},"size":3.3675527572631838,"orthographic":false}