{"cameraMode":{"drawMode":0,"name":"Shaded","section":"Shading Mode"},"sceneLighting":false,"audioPlay":false,"sceneViewState":{"showFog":true,"showMaterialUpdate":true,"showSkybox":false,"showFlares":true,"showImageEffects":true,"showParticleSystems":true},"in2DMode":false,"pivot":{"x":0.034590065479278567,"y":0.012654900550842286,"z":0.09329020977020264},"rotation":{"x":0.17706413567066194,"y":0.7267593741416931,"z":-0.2037295401096344,"w":0.6316356658935547},"size":1.0704741477966309,"orthographic":false}