{"cameraMode":{"drawMode":0,"name":"Shaded","section":"Shading Mode"},"sceneLighting":false,"audioPlay":false,"sceneViewState":{"showFog":true,"showMaterialUpdate":true,"showSkybox":false,"showFlares":true,"showImageEffects":true,"showParticleSystems":true},"in2DMode":false,"pivot":{"x":-2.2209763526916506,"y":-2.702157974243164,"z":-2.97353458404541},"rotation":{"x":0.015701899304986,"y":-0.9512753486633301,"z":0.30399730801582339,"w":0.04913600906729698},"size":14.53372573852539,"orthographic":false}