{"cameraMode":{"drawMode":0,"name":"Shaded","section":"Shading Mode"},"sceneLighting":false,"audioPlay":false,"sceneViewState":{"showFog":true,"showMaterialUpdate":true,"showSkybox":false,"showFlares":true,"showImageEffects":true,"showParticleSystems":true},"in2DMode":false,"pivot":{"x":0.12448114156723023,"y":0.12377750873565674,"z":0.37206530570983889},"rotation":{"x":0.39985552430152895,"y":0.5240333676338196,"z":-0.30479925870895388,"w":0.6874606609344482},"size":1.000492811203003,"orthographic":false}