{"cameraMode":{"drawMode":0,"name":"Shaded","section":"Shading Mode"},"sceneLighting":false,"audioPlay":false,"sceneViewState":{"showFog":true,"showMaterialUpdate":true,"showSkybox":false,"showFlares":true,"showImageEffects":true,"showParticleSystems":true},"in2DMode":false,"pivot":{"x":0.21914824843406678,"y":0.6898411512374878,"z":0.673994779586792},"rotation":{"x":0.011581451632082463,"y":0.9752728939056397,"z":-0.2143155038356781,"w":0.0527021549642086},"size":3.4163289070129396,"orthographic":false}