{"cameraMode":{"drawMode":0,"name":"Shaded","section":"Shading Mode"},"sceneLighting":false,"audioPlay":false,"sceneViewState":{"showFog":true,"showMaterialUpdate":true,"showSkybox":false,"showFlares":true,"showImageEffects":true,"showParticleSystems":true},"in2DMode":false,"pivot":{"x":-0.10020014643669129,"y":-0.006201803684234619,"z":-0.06518271565437317},"rotation":{"x":0.30960553884506228,"y":0.5443924069404602,"z":-0.22588497400283814,"w":0.746161699295044},"size":2.7190287113189699,"orthographic":false}