{"cameraMode":{"drawMode":0,"name":"Shaded","section":"Shading Mode"},"sceneLighting":false,"audioPlay":false,"sceneViewState":{"showFog":true,"showMaterialUpdate":true,"showSkybox":false,"showFlares":true,"showImageEffects":true,"showParticleSystems":true},"in2DMode":false,"pivot":{"x":-1.4901161193847657e-7,"y":0.06789063662290573,"z":-6.705522537231445e-8},"rotation":{"x":0.25106769800186159,"y":-0.014218359254300595,"z":0.003688602475449443,"w":0.967858076095581},"size":0.40076830983161929,"orthographic":false}