{"cameraMode":{"drawMode":0,"name":"Shaded","section":"Shading Mode"},"sceneLighting":false,"audioPlay":false,"sceneViewState":{"showFog":true,"showMaterialUpdate":true,"showSkybox":false,"showFlares":true,"showImageEffects":true,"showParticleSystems":true},"in2DMode":false,"pivot":{"x":-5.066394805908203e-7,"y":0.23761722445487977,"z":-2.384185791015625e-7},"rotation":{"x":0.08207301050424576,"y":0.7243760228157044,"z":-0.08757321536540985,"w":0.6788772344589233},"size":1.4026890993118287,"orthographic":false}