{"cameraMode":{"drawMode":0,"name":"Shaded","section":"Shading Mode"},"sceneLighting":false,"audioPlay":false,"sceneViewState":{"showFog":true,"showMaterialUpdate":true,"showSkybox":false,"showFlares":true,"showImageEffects":true,"showParticleSystems":true},"in2DMode":false,"pivot":{"x":-0.09749998897314072,"y":-0.004999999888241291,"z":0.16749998927116395},"rotation":{"x":0.30960553884506228,"y":0.5443924069404602,"z":-0.22588497400283814,"w":0.746161699295044},"size":1.6704740524291993,"orthographic":false}