{"cameraMode":{"drawMode":0,"name":"Shaded","section":"Shading Mode"},"sceneLighting":false,"audioPlay":false,"sceneViewState":{"showFog":true,"showMaterialUpdate":true,"showSkybox":false,"showFlares":true,"showImageEffects":true,"showParticleSystems":true},"in2DMode":false,"pivot":{"x":-0.019449830055236818,"y":0.6305480599403381,"z":0.013727903366088868},"rotation":{"x":0.07042934745550156,"y":0.5677427053451538,"z":-0.04883835092186928,"w":0.8187323808670044},"size":3.483670473098755,"orthographic":false}