{"cameraMode":{"drawMode":0,"name":"Shaded","section":"Shading Mode"},"sceneLighting":false,"audioPlay":false,"sceneViewState":{"showFog":true,"showMaterialUpdate":true,"showSkybox":false,"showFlares":true,"showImageEffects":true,"showParticleSystems":true},"in2DMode":false,"pivot":{"x":0.0,"y":-0.00497893150895834,"z":-0.1158270463347435},"rotation":{"x":-0.0009575819713063538,"y":0.9918152689933777,"z":-0.12745985388755799,"w":-0.007452855352312326},"size":1.4242186546325684,"orthographic":false}