{"cameraMode":{"drawMode":0,"name":"Shaded","section":"Shading Mode"},"sceneLighting":false,"audioPlay":false,"sceneViewState":{"showFog":true,"showMaterialUpdate":true,"showSkybox":false,"showFlares":true,"showImageEffects":true,"showParticleSystems":true},"in2DMode":false,"pivot":{"x":0.19763556122779847,"y":1.2355023622512818,"z":0.05175912380218506},"rotation":{"x":0.010225699283182621,"y":-0.9779564738273621,"z":0.20263513922691346,"w":0.04935196042060852},"size":2.096522331237793,"orthographic":false}