{"cameraMode":{"drawMode":0,"name":"Shaded","section":"Shading Mode"},"sceneLighting":true,"audioPlay":false,"sceneViewState":{"showFog":true,"showMaterialUpdate":true,"showSkybox":true,"showFlares":true,"showImageEffects":true,"showParticleSystems":true},"in2DMode":false,"pivot":{"x":3.7878918647766115,"y":2.2577614784240724,"z":-1.4190293550491334},"rotation":{"x":0.18372242152690888,"y":-0.01975356973707676,"z":0.0036928518675267698,"w":0.9827727675437927},"size":1.9836723804473878,"orthographic":false}