{"cameraMode":{"drawMode":0,"name":"Shaded","section":"Shading Mode"},"sceneLighting":false,"audioPlay":false,"sceneViewState":{"showFog":true,"showMaterialUpdate":true,"showSkybox":false,"showFlares":true,"showImageEffects":true,"showParticleSystems":true},"in2DMode":false,"pivot":{"x":0.05875271558761597,"y":0.11450052261352539,"z":-0.001955166459083557},"rotation":{"x":0.28656017780303957,"y":0.5198889374732971,"z":-0.1905468851327896,"w":0.7818508148193359},"size":0.6399432420730591,"orthographic":false}