{"cameraMode":{"drawMode":0,"name":"Shaded","section":"Shading Mode"},"sceneLighting":false,"audioPlay":false,"sceneViewState":{"showFog":true,"showMaterialUpdate":true,"showSkybox":false,"showFlares":true,"showImageEffects":true,"showParticleSystems":true},"in2DMode":false,"pivot":{"x":-0.09785304218530655,"y":0.4702257215976715,"z":0.6198313236236572},"rotation":{"x":0.0004291789955459535,"y":0.9994032382965088,"z":-0.03180280700325966,"w":0.013478497043251992},"size":3.35129714012146,"orthographic":false}