{"cameraMode":{"drawMode":0,"name":"Shaded","section":"Shading Mode"},"sceneLighting":false,"audioPlay":false,"sceneViewState":{"showFog":true,"showMaterialUpdate":true,"showSkybox":false,"showFlares":true,"showImageEffects":true,"showParticleSystems":true},"in2DMode":false,"pivot":{"x":-5.066394805908203e-7,"y":0.23761722445487977,"z":-2.384185791015625e-7},"rotation":{"x":0.07042934745550156,"y":0.5677427053451538,"z":-0.04883835092186928,"w":0.8187323808670044},"size":1.4026890993118287,"orthographic":false}